group	mean	std	count
Bacteria	15.19274478292109	9.56907174647334	28
Kawasaki	52.29806817892773	28.511585325430385	35
MIS-C Acute Stage	79.07347423689454	13.87100008622608	27
MIS-C During Admission	83.70904630844682	9.595169276013843	35
MIS-C Full Recovery	7.793231081936181	2.1492198404701344	45
Sepsis	32.93955460921679	26.119432181395574	35
Virus	11.0609798203676	5.755618206178814	22
